Division,Home Team,Away Team,Fixture day,Fixture date,Warm up,Match start,Venue
MSL,Malory Eagles UEL Man,Newcastle Staffs,,31/10/2026,11:00,11:00,Sir David Wallace Sports Hall
MSL,University of Nottingham,Malory Eagles UEL Man,,01/11/2026,10:00,10:00,Sir David Wallace Sports Hall
MSL,Malory Eagles UEL Man,Team Essex Blaze,,07/11/2026,13:45,13:45,UEL (Sports Dock)
MSL,Malory Eagles UEL Man,Richmond Docklands,,21/11/2026,00:00,00:00,"Ernest Bevin Academy, Beechcroft Rd, London, SW17 7DF"
MSL,Malory Eagles UEL Man,Newcastle Knights,,28/11/2026,00:00,00:00,"Ernest Bevin Academy, Beechcroft Rd, London, SW17 7DF"
MSL,Malory Eagles UEL Man,Essex Rebels,,16/01/2027,00:00,00:00,"Ernest Bevin Academy, Beechcroft Rd, London, SW17 7DF"
MSL,Team Essex Blaze,Malory Eagles UEL Man,,17/01/2027,00:00,00:00,St John Payne School
MSL,Richmond Docklands,Malory Eagles UEL Man,,30/01/2027,00:00,00:00,Kingston College Arena
MSL,Malory Eagles UEL Man,University of Nottingham,,06/02/2027,00:00,00:00,"Ernest Bevin Academy, Beechcroft Rd, London, SW17 7DF"
MSL,Newcastle Staffs,Malory Eagles UEL Man,,20/02/2027,00:00,00:00,Sir Stanley Matthews Sports Centre
MSL,Newcastle Knights,Malory Eagles UEL Man,,21/02/2027,00:00,00:00,Newcastle University Sports Centre
MSL,Essex Rebels,Malory Eagles UEL Man,,28/02/2027,00:00,00:00,Essex Sport Arena
MSL,London Giants,Malory Eagles UEL Man,,14/03/2027,00:00,00:00,Brixton Recreation Centre
MSL,Malory Eagles UEL Man,London Giants,,20/03/2027,00:00,00:00,UEL (Sports Dock)
WSL,Malory Eagles UEL Women,Newcastle Knights,,31/10/2026,13:00,13:00,Sir David Wallace Sports Hall
WSL,Durham Palatinates,Malory Eagles UEL Women,,01/11/2026,14:00,14:00,Sir David Wallace Sports Hall
WSL,Malory Eagles UEL Women,Durham Palatinates,,07/11/2026,00:00,00:00,"Ernest Bevin Academy, Beechcroft Rd, London, SW17 7DF"
WSL,Malory Eagles UEL Women,Lionhearts Vinarius,,21/11/2026,00:00,00:00,"Ernest Bevin Academy, Beechcroft Rd, London, SW17 7DF"
WSL,Malory Eagles UEL Women,Team SideOut Polonia (London),,28/11/2026,00:00,00:00,"Ernest Bevin Academy, Beechcroft Rd, London, SW17 7DF"
WSL,Team SideOut Polonia (London),Malory Eagles UEL Women,,06/12/2026,00:00,00:00,Score Leisure Centre
WSL,University of Nottingham,Malory Eagles UEL Women,,12/12/2026,00:00,00:00,Sutton Bonington Sports Centre
WSL,Malory Eagles UEL Women,Essex Rebels,,16/01/2027,00:00,00:00,"Ernest Bevin Academy, Beechcroft Rd, London, SW17 7DF"
WSL,London Giants,Malory Eagles UEL Women,,25/01/2027,00:00,00:00,Brixton Recreation Centre
WSL,Malory Eagles UEL Women,University of Nottingham,,06/02/2027,00:00,00:00,"Ernest Bevin Academy, Beechcroft Rd, London, SW17 7DF"
WSL,Newcastle Knights,Malory Eagles UEL Women,,21/02/2027,00:00,00:00,Newcastle University Sports Centre
WSL,Essex Rebels,Malory Eagles UEL Women,,28/02/2027,00:00,00:00,Essex Sport Arena
WSL,Lionhearts Vinarius,Malory Eagles UEL Women,,13/03/2027,00:00,00:00,Mulberry Shoreditch Academy
WSL,Malory Eagles UEL Women,London Giants,,20/03/2027,00:00,00:00,UEL (Sports Dock)
GSS,,Malory Eagles U18A,,04/10/2026,10:00,10:00,Loughborough University
GGPU18,,Malory Eagles U18B,,04/10/2026,10:00,10:00,The Ashcombe School
GSS,,Malory Eagles U18A,,07/11/2026,10:00,10:00,Loughborough University
GGPU18,,Malory Eagles U18B,,08/11/2026,10:00,10:00,
GGPU16,,Malory Eagles U16,,15/11/2026,10:00,10:00,
GSS,,Malory Eagles U18A,,05/12/2026,10:00,10:00,Loughborough University
GGPU18,,Malory Eagles U18B,,06/12/2026,10:00,10:00,
GGPU16,,Malory Eagles U16,,13/12/2026,10:00,10:00,
GGPU15,,Malory Eagles U15,,10/01/2027,10:00,10:00,
GGPU16,,Malory Eagles U16,,17/01/2027,10:00,10:00,
GSS,,Malory Eagles U18A,,30/01/2027,10:00,10:00,Loughborough University
GGPU18,,Malory Eagles U18B,,31/01/2027,10:00,10:00,
GGPU15,,Malory Eagles U15,,14/02/2027,10:00,10:00,
,,,,,,,
,,,,,,,
,,,,,,,
,,,,,,,
M2B,Malory Bald Eagles,Londinium Ares,Saturday,03/10/2026,12:20,12:40,"Ernest Bevin Academy, Beechcroft Rd, London, SW17 7DF"
W2A,Malory Grey Eagles,Inter Dolphins,Saturday,03/10/2026,12:20,12:40,"Ernest Bevin Academy, Beechcroft Rd, London, SW17 7DF"
W3,Malory Eaglets,West London Hitters W2,Saturday,10/10/2026,15:00,15:20,"Tooting Leisure Centre, Greaves Pl, London SW17 0NE"
M2C,Malory Golden Eagles,Hounslow VC 2,Saturday,10/10/2026,12:20,12:40,"Ernest Bevin Academy, Beechcroft Rd, London, SW17 7DF"
W2A,Blockbusters Y,Malory Grey Eagles,Saturday,10/10/2026,19:00,19:20,"Somers Town Community Centre, 134 Chalton St, London NW1 1RX"
W1A,London QKX,Malory Red Eagles,Sunday,11/10/2026,15:00,15:20,"St Augustine Sports Centre, NW6 5AW"
M2B,Malory Bald Eagles,Richmond Colts,Saturday,17/10/2026,12:20,12:40,"Ernest Bevin Academy, Beechcroft Rd, London, SW17 7DF"
W1A,Malory Red Eagles,Lionhearts Beats,Saturday,17/10/2026,12:20,12:40,"Ernest Bevin Academy, Beechcroft Rd, London, SW17 7DF"
WP,SQUAD Women's Premier,Malory Black Eagles,Sunday,18/10/2026,14:00,14:20,"Bacon's College, SE16 6AT"
W1A,Malory Red Eagles,Flaming Six Coyotes,Saturday,24/10/2026,12:20,12:40,"Ernest Bevin Academy, Beechcroft Rd, London, SW17 7DF"
W3,Malory Eaglets,Londinium Astra,Saturday,24/10/2026,15:00,15:20,"Tooting Leisure Centre, Greaves Pl, London SW17 0NE"
M2C,London Wolves Men 2,Malory Golden Eagles,Monday,26/10/2026,20:00,20:20,"Ark Elvin Academy, Cecil Avenue, HA9 7DU, Wembley"
W3,Malory Eaglets,Good Times Panthers,Saturday,31/10/2026,15:00,15:20,"Tooting Leisure Centre, Greaves Pl, London SW17 0NE"
M2B,Lionhearts Pride,Malory Bald Eagles,Sunday,01/11/2026,18:00,18:20,"Mulberry Academy Shoreditch, Gosset Street E2 6NW"
W1A,SQUAD Women's 1,Malory Red Eagles,Monday,02/11/2026,20:00,20:20,"Bacon's College, SE16 6AT"
WP,Good Times Cheetahs,Malory Black Eagles,Friday,06/11/2026,19:40,20:00,"COLA Shoreditch, 40 Hyde Rd, London N1 5JU"
M2C,Malory Golden Eagles,Spikers Fireball,Saturday,07/11/2026,12:20,12:40,"Ernest Bevin Academy, Beechcroft Rd, London, SW17 7DF"
W1A,Malory Red Eagles,Wapping Tigers,Saturday,07/11/2026,12:20,12:40,"Ernest Bevin Academy, Beechcroft Rd, London, SW17 7DF"
W3,Future Stars Women,Malory Eaglets,Friday,13/11/2026,20:00,20:20,"Islip Manor High School, Eastcote Ln, Northolt UB5 4HP"
M2B,Malory Bald Eagles,Pantheon Titans,Saturday,14/11/2026,12:20,12:40,"Ernest Bevin Academy, Beechcroft Rd, London, SW17 7DF"
W2A,Malory Grey Eagles,Flaming Six Meerkats,Saturday,14/11/2026,12:20,12:40,"Ernest Bevin Academy, Beechcroft Rd, London, SW17 7DF"
W1A,Malory Red Eagles,Onyx Red,Saturday,21/11/2026,12:20,12:40,"Ernest Bevin Academy, Beechcroft Rd, London, SW17 7DF"
W3,Malory Eaglets,AST Barnet Women,Saturday,21/11/2026,15:00,15:20,"Tooting Leisure Centre, Greaves Pl, London SW17 0NE"
M2B,Phoenix Vortex,Malory Bald Eagles,Monday,23/11/2026,20:00,20:20,"Harrow Club, 187 Freston Road, London W10 6TH"
WP,London Giants Women's Premier,Malory Black Eagles,Saturday,26/11/2026,20:00,20:20,"Caius House Youth Centre, SW11 3RL"
M2C,Phoenix Force,Malory Golden Eagles,Saturday,28/11/2026,17:00,17:20,"Harrow Club, 187 Freston Road, London W10 6TH"
W2A,London Giants Women's Development,Malory Grey Eagles,Saturday,30/11/2026,18:00,18:20,"Caius House Youth Centre, SW11 3RL"
W1A,Team SideOut Women 1,Malory Red Eagles,Thursday,03/12/2026,20:00,20:20,"Moberly Sports Centre, NW10 3NB"
M2C,Hounslow VC 2,Malory Golden Eagles,Friday,04/12/2026,20:00,20:20,"Lampton School, Hounslow TW3 4EP"
WP,Malory Black Eagles,Waterloo Thunders,Saturday,05/12/2026,12:20,12:40,"Ernest Bevin Academy, Beechcroft Rd, London, SW17 7DF"
W3,Lion Rock Women,Malory Eaglets,Sunday,06/12/2026,16:30,16:50,"Tooting Leisure Centre, Greaves Pl, London SW17 0NE"
M2B,Spikers Powerball,Malory Bald Eagles,Monday,07/12/2026,19:00,19:20,"City Of Westminster College, 25 Paddington Green, London W2 1NB"
W2A,Inter Dolphins,Malory Grey Eagles,Friday,11/12/2026,20:00,20:20,"Mulberry Academy Shoreditch, Gosset Street E2 6NW"
WP,Malory Black Eagles,London Bears Polar,Saturday,12/12/2026,12:20,12:40,"Ernest Bevin Academy, Beechcroft Rd, London, SW17 7DF"
W3,Malory Eaglets,Zenith Aurora,Saturday,12/12/2026,15:00,15:20,"Tooting Leisure Centre, Greaves Pl, London SW17 0NE"
M2C,Brazukas Sky,Malory Golden Eagles,Sunday,13/12/2026,16:00,16:20,"Score Leisure Centre, 2 Coronation Square, London E10 5UN"
M2C,Malory Golden Eagles,BG Lions Men,Saturday,09/01/2027,12:20,12:40,"Ernest Bevin Academy, Beechcroft Rd, London, SW17 7DF"
W2A,Malory Grey Eagles,Blockbusters Y,Saturday,09/01/2027,12:20,12:40,"Ernest Bevin Academy, Beechcroft Rd, London, SW17 7DF"
M2B,Malory Bald Eagles,Flaming Six Leopards,Saturday,16/01/2027,12:20,12:40,"Ernest Bevin Academy, Beechcroft Rd, London, SW17 7DF"
W2A,Malory Grey Eagles,London Lynx Ladies,Saturday,16/01/2027,12:20,12:40,"Ernest Bevin Academy, Beechcroft Rd, London, SW17 7DF"
W1A,Wimbledon Wildkats,Malory Red Eagles,Monday,18/01/2027,19:30,19:50,"Raynes Park High School Sport Hall, 46A W Barnes Ln, New Malden KT3 4PS"
W2A,Wimbledon Flames,Malory Grey Eagles,Thursday,21/01/2027,19:30,19:50,"Raynes Park High School Sport Hall, 46A W Barnes Ln, New Malden KT3 4PS"
M2C,Malory Golden Eagles,West London Hitters M2,Saturday,23/01/2027,12:20,12:40,"Ernest Bevin Academy, Beechcroft Rd, London, SW17 7DF"
WP,Malory Black Eagles,Lionhearts Fury,Saturday,23/01/2027,12:20,12:40,"Ernest Bevin Academy, Beechcroft Rd, London, SW17 7DF"
W3,Malory Eaglets,Future Stars Women,Saturday,23/01/2027,15:00,15:20,"Tooting Leisure Centre, Greaves Pl, London SW17 0NE"
M2B,Londinium Ares,Malory Bald Eagles,Friday,29/01/2027,19:30,19:50,"Latymer Upper Sports Centre, 237 King Street, Ravenscourt Park, W6 9LR"
W1A,Lionhearts Beats,Malory Red Eagles,Sunday,31/01/2027,16:00,16:20,"Mulberry Academy Shoreditch, Gosset Street E2 6NW"
WP,Inter Orcas,Malory Black Eagles,Wednesday,03/02/2027,20:00,20:20,"Talacre Community Centre, NW5 3LN"
W1A,Malory Red Eagles,London QKX,Saturday,06/02/2027,12:20,12:40,"Ernest Bevin Academy, Beechcroft Rd, London, SW17 7DF"
M2C,Spikers Fireball,Malory Golden Eagles,Saturday,06/02/2027,13:00,13:20,"City Of Westminster College, 25 Paddington Green, London W2 1NB"
W2A,Malory Grey Eagles,London Giants Women's Development,Saturday,06/02/2027,12:20,12:40,"Ernest Bevin Academy, Beechcroft Rd, London, SW17 7DF"
M2B,Richmond Colts,Malory Bald Eagles,Sunday,07/02/2027,10:30,10:50,"Active Hampton, 32 Tangley Park Rd, Hampton TW12 3YH"
W3,West London Hitters W2,Malory Eaglets,Wednesday,10/02/2027,20:00,20:20,"Academy Sport, Torquay St, London W2 5EW"
WP,Malory Black Eagles,London Giants Women's Premier,Saturday,11/02/2027,12:20,12:40,"Ernest Bevin Academy, Beechcroft Rd, London, SW17 7DF"
W2A,Malory Grey Eagles,DIVAS,Saturday,13/02/2027,12:20,12:40,"Ernest Bevin Academy, Beechcroft Rd, London, SW17 7DF"
W1A,Flaming Six Coyotes,Malory Red Eagles,Sunday,14/02/2027,13:00,13:20,"Battersea Sports Centre, Hope St, London SW11 2DA"
W2A,London Lynx Ladies,Malory Grey Eagles,Friday,19/02/2027,19:40,20:00,"Newham 6th Form College (Newvic), Prince Regent Lane, E13 8SG"
M2B,Malory Bald Eagles,Lionhearts Pride,Saturday,20/02/2027,12:20,12:40,"Ernest Bevin Academy, Beechcroft Rd, London, SW17 7DF"
WP,Malory Black Eagles,Good Times Cheetahs,Saturday,20/02/2027,12:20,12:40,"Ernest Bevin Academy, Beechcroft Rd, London, SW17 7DF"
W3,Malory Eaglets,Pantheon Olympus,Saturday,27/02/2027,15:00,15:20,"Tooting Leisure Centre, Greaves Pl, London SW17 0NE"
M2C,Malory Golden Eagles,London Wolves Men 2,Saturday,27/02/2027,12:20,12:40,"Ernest Bevin Academy, Beechcroft Rd, London, SW17 7DF"
W3,Good Times Panthers,Malory Eaglets,Monday,01/03/2027,19:40,20:00,"Britannia Leisure Centre, Pitfield St, London N1 5FT"
W1A,Malory Red Eagles,Wimbledon Wildkats,Saturday,06/03/2027,12:20,12:40,"Ernest Bevin Academy, Beechcroft Rd, London, SW17 7DF"
WP,Malory Black Eagles,SQUAD Women's Premier,Saturday,06/03/2027,12:20,12:40,"Ernest Bevin Academy, Beechcroft Rd, London, SW17 7DF"
W2A,DIVAS,Malory Grey Eagles,Sunday,07/03/2027,18:00,18:20,"Mulberry Academy Shoreditch, Gosset Street E2 6NW"
M2B,Pantheon Titans,Malory Bald Eagles,Sunday,07/03/2027,19:00,19:20,"Score Leisure Centre, 2 Coronation Square, London E10 5UN"
WP,Waterloo Thunders,Malory Black Eagles,Friday,12/03/2027,20:00,20:20,"London Nautical School, 61 Stamford Street , London SE1 9NA"
W1A,Malory Red Eagles,SQUAD Women's 1,Saturday,13/03/2027,12:20,12:40,"Ernest Bevin Academy, Beechcroft Rd, London, SW17 7DF"
M2C,BG Lions Men,Malory Golden Eagles,Saturday,13/03/2027,17:00,17:20,"London Nautical School, 61 Stamford Street , London SE1 9NA"
W2A,Flaming Six Meerkats,Malory Grey Eagles,Sunday,14/03/2027,11:00,11:20,"Battersea Sports Centre, Hope St, London SW11 2DA"
M2B,Malory Bald Eagles,Phoenix Vortex,Saturday,20/03/2027,12:20,12:40,"Ernest Bevin Academy, Beechcroft Rd, London, SW17 7DF"
W3,AST Barnet Women,Malory Eaglets,Sunday,21/03/2027,15:00,15:20,"Saracens High School, NW9 4AS"
W1A,Onyx Red,Malory Red Eagles,Friday,02/04/2027,20:00,20:20,"Kensington Aldridge Academy, 1 Silchester Rd, London W10 6EX"
M2C,Malory Golden Eagles,Phoenix Force,Saturday,03/04/2027,12:20,12:40,"Ernest Bevin Academy, Beechcroft Rd, London, SW17 7DF"
WP,Malory Black Eagles,Inter Orcas,Saturday,03/04/2027,12:20,12:40,"Ernest Bevin Academy, Beechcroft Rd, London, SW17 7DF"
W3,Malory Eaglets,Lion Rock Women,Saturday,03/04/2027,15:00,15:20,"Tooting Leisure Centre, Greaves Pl, London SW17 0NE"
M2B,Malory Bald Eagles,Spikers Powerball,Saturday,10/04/2027,12:20,12:40,"Ernest Bevin Academy, Beechcroft Rd, London, SW17 7DF"
W1A,Malory Red Eagles,Team SideOut Women 1,Saturday,10/04/2027,12:20,12:40,"Ernest Bevin Academy, Beechcroft Rd, London, SW17 7DF"
W3,Pantheon Olympus,Malory Eaglets,Sunday,11/04/2027,10:00,10:20,"Score Leisure Centre, 2 Coronation Square, London E10 5UN"
WP,Lionhearts Fury,Malory Black Eagles,Monday,12/04/2027,19:00,19:20,"Mulberry Academy Shoreditch, Gosset Street E2 6NW"
W1A,Wapping Tigers,Malory Red Eagles,Wednesday,14/04/2027,19:00,19:20,"Bow School, 44 Twelvetrees Cres, London E3 3QW"
WP,London Bears Polar,Malory Black Eagles,Thursday,15/04/2027,20:00,20:20,"Elmgreen School, Elmcourt Rd, Pagoda Grove, Norwood, London SE27 9BZ - Chestnut Grove Academy, 45 Chestnut Grove, London SW12 8JZ"
M2C,Malory Golden Eagles,Brazukas Sky,Saturday,17/04/2027,12:20,12:40,"Ernest Bevin Academy, Beechcroft Rd, London, SW17 7DF"
W2A,Malory Grey Eagles,Wimbledon Flames,Saturday,17/04/2027,12:20,12:40,"Ernest Bevin Academy, Beechcroft Rd, London, SW17 7DF"
W3,Zenith Aurora,Malory Eaglets,Saturday,17/04/2027,19:00,19:20,"London Nautical School, 61 Stamford Street , London SE1 9NA"
M2B,Flaming Six Leopards,Malory Bald Eagles,Sunday,25/04/2027,13:00,13:20,"Battersea Sports Centre, Hope St, London SW11 2DA"
W3,Londinium Astra,Malory Eaglets,Sunday,25/04/2027,16:00,16:20,"West London College, 9 Gliddon Road, Hammersmith W14 9BL"
M2C,West London Hitters M2,Malory Golden Eagles,Wednesday,28/04/2027,20:00,20:20,"Academy Sport, Torquay St, London W2 5EW"